trade_date,code,name,required_from_time,required_to_time,group,event_count,missing_reason
2026-05-06,003470,"유안타증권",09:00,15:30,D_EXCLUDED_PLUS8,1,first_bar_09:02
2026-05-06,007610,"선도전기",09:00,15:30,D_EXCLUDED_PLUS8,1,first_bar_09:02
2026-05-06,011790,"SKC",09:00,15:30,A_ATTACK|B_SURVIVOR_1000,2,first_bar_09:02
2026-05-06,015860,"일진홀딩스",09:00,15:30,B_SURVIVOR_1000,1,last_bar_10:00
2026-05-06,024840,"KBI메탈",09:00,15:30,D_EXCLUDED_PLUS8,1,first_bar_09:02
2026-05-06,183300,"코미코",09:00,15:30,D_EXCLUDED_PLUS8,1,first_bar_09:02
2026-05-06,189860,"서전기전",09:00,15:30,D_EXCLUDED_PLUS8,1,last_bar_10:00
2026-05-06,321260,"프로이천",09:00,15:30,D_EXCLUDED_PLUS8,1,first_bar_09:02
2026-05-06,425040,"티이엠씨",09:00,15:30,D_EXCLUDED_PLUS8,1,first_bar_09:02
2026-05-07,004800,"효성",09:00,15:30,D_EXCLUDED_PLUS8,1,first_bar_09:02
2026-05-07,006360,"GS건설",09:00,15:30,D_EXCLUDED_PLUS8,1,first_bar_09:02
2026-05-07,078150,"HB테크놀러지",09:00,15:30,D_EXCLUDED_PLUS8,1,first_bar_09:02
2026-05-08,086960,"MDS테크",09:00,15:30,D_EXCLUDED_PLUS8,1,first_bar_09:02
2026-05-08,319400,"현대무벡스",09:00,15:30,A_ATTACK|B_SURVIVOR_1000,2,first_bar_09:02
2026-05-11,004150,"한솔홀딩스",09:00,15:30,D_EXCLUDED_PLUS8,1,last_bar_09:30
2026-05-11,004710,"한솔테크닉스",09:00,15:30,D_EXCLUDED_PLUS8,1,last_bar_09:30
2026-05-11,024840,"KBI메탈",09:00,15:30,D_EXCLUDED_PLUS8,1,first_bar_09:02
2026-05-11,067170,"오텍",09:00,15:30,D_EXCLUDED_PLUS8,1,first_bar_09:02
2026-05-11,083450,"GST",09:00,15:30,D_EXCLUDED_PLUS8,1,first_bar_09:02
2026-05-11,320000,"한울반도체",09:00,15:30,D_EXCLUDED_PLUS8,1,first_bar_09:02
2026-05-11,357880,"SKAI",09:00,15:30,D_EXCLUDED_PLUS8,1,last_bar_09:29
2026-05-11,396270,"넥스트칩",09:00,15:30,D_EXCLUDED_PLUS8,1,last_bar_09:30
2026-05-12,000500,"가온전선",09:00,15:30,D_EXCLUDED_PLUS8,1,first_bar_09:02
2026-05-12,007820,"엠엑스로보틱스",09:00,15:30,D_EXCLUDED_PLUS8,1,last_bar_09:30
2026-05-12,010690,"화신",09:00,15:30,D_EXCLUDED_PLUS8,1,first_bar_09:02
2026-05-12,012200,"계양전기",09:00,15:30,D_EXCLUDED_PLUS8,1,last_bar_09:29
2026-05-12,012860,"모베이스전자",09:00,15:30,D_EXCLUDED_PLUS8,1,last_bar_09:30
2026-05-12,065440,"이루온",09:00,15:30,D_EXCLUDED_PLUS8,1,last_bar_09:30
2026-05-12,183300,"코미코",09:00,15:30,D_EXCLUDED_PLUS8,1,last_bar_15:19
2026-05-12,307180,"아이엘",09:00,15:30,D_EXCLUDED_PLUS8,1,last_bar_09:30
2026-05-12,381620,"제닉스로보틱스",09:00,15:30,D_EXCLUDED_PLUS8,1,last_bar_09:30
2026-05-12,389500,"에스비비테크",09:00,15:30,D_EXCLUDED_PLUS8,1,last_bar_09:30
2026-05-12,418420,"라온텍",09:00,15:30,D_EXCLUDED_PLUS8,1,last_bar_09:30
2026-05-13,005250,"녹십자홀딩스",09:00,15:30,D_EXCLUDED_PLUS8,1,first_bar_09:02
2026-05-13,147760,"피엠티",09:00,15:30,D_EXCLUDED_PLUS8,1,first_bar_09:02
2026-05-13,356680,"엑스게이트",09:00,15:30,D_EXCLUDED_PLUS8,1,last_bar_09:30
2026-05-13,412350,"레이저쎌",09:00,15:30,D_EXCLUDED_PLUS8,1,last_bar_09:28
2026-05-13,452280,"한선엔지니어링",09:00,15:30,D_EXCLUDED_PLUS8,1,first_bar_09:02
2026-05-14,000650,"천일고속",09:00,15:30,D_EXCLUDED_PLUS8,1,last_bar_10:00
2026-05-14,001450,"현대해상",09:00,15:30,A_ATTACK|B_SURVIVOR_1000,2,last_bar_10:00
2026-05-14,003380,"하림지주",09:00,15:30,D_EXCLUDED_PLUS8,1,last_bar_10:00
2026-05-14,006110,"삼아알미늄",09:00,15:30,D_EXCLUDED_PLUS8,1,last_bar_10:00
2026-05-14,008350,"남선알미늄",09:00,15:30,D_EXCLUDED_PLUS8,1,last_bar_10:00
2026-05-14,018470,"조일알미늄",09:00,15:30,A_ATTACK|B_SURVIVOR_1000,2,last_bar_10:00
2026-05-14,019210,"와이지-원",09:00,15:30,D_EXCLUDED_PLUS8,1,last_bar_10:00
2026-05-14,033160,"엠케이전자",09:00,15:30,D_EXCLUDED_PLUS8,1,last_bar_10:00
2026-05-14,081150,"티플랙스",09:00,15:30,D_EXCLUDED_PLUS8,1,last_bar_10:00
2026-05-14,084670,"동양고속",09:00,15:30,D_EXCLUDED_PLUS8,1,last_bar_10:00
2026-05-14,088350,"한화생명",09:00,15:30,D_EXCLUDED_PLUS8,1,last_bar_10:00
2026-05-14,090360,"로보스타",09:00,15:30,A_ATTACK,1,last_bar_10:00
2026-05-14,090460,"비에이치",09:00,15:30,D_EXCLUDED_PLUS8,1,last_bar_10:00
2026-05-14,092190,"서울바이오시스",09:00,15:30,D_EXCLUDED_PLUS8,1,last_bar_10:00
2026-05-14,096530,"씨젠",09:00,15:30,D_EXCLUDED_PLUS8,1,last_bar_10:00
2026-05-14,100790,"미래에셋벤처투자",09:00,15:30,D_EXCLUDED_PLUS8,1,last_bar_10:00
2026-05-14,123010,"알엔티엑스",09:00,15:30,D_EXCLUDED_PLUS8,1,last_bar_10:00
2026-05-14,183300,"코미코",09:00,15:30,D_EXCLUDED_PLUS8,1,last_bar_10:00
2026-05-14,229640,"LS에코에너지",09:00,15:30,D_EXCLUDED_PLUS8,1,last_bar_10:00
2026-05-14,322000,"HD현대에너지솔루션",09:00,15:30,D_EXCLUDED_PLUS8,1,last_bar_10:00
2026-05-14,403550,"쏘카",09:00,15:30,A_ATTACK,1,last_bar_10:00
2026-05-14,452280,"한선엔지니어링",09:00,15:30,D_EXCLUDED_PLUS8,1,last_bar_10:00
2026-05-14,475150,"SK이터닉스",09:00,15:30,A_ATTACK|B_SURVIVOR_1000,2,last_bar_10:00
2026-05-15,001200,"유진투자증권",09:00,15:30,A_ATTACK,1,last_bar_10:00
2026-05-15,011930,"신성이엔지",09:00,15:30,D_EXCLUDED_PLUS8,1,last_bar_10:00
2026-05-15,018880,"한온시스템",09:00,15:30,A_ATTACK,1,last_bar_10:00
2026-05-15,031330,"에스에이엠티",09:00,15:30,D_EXCLUDED_PLUS8,1,last_bar_10:00
2026-05-15,036540,"SFA반도체",09:00,15:30,D_EXCLUDED_PLUS8,1,last_bar_10:00
2026-05-15,056080,"유진로봇",09:00,15:30,D_EXCLUDED_PLUS8,1,last_bar_10:00
2026-05-15,058610,"에스피지",09:00,15:30,B_SURVIVOR_1000,1,last_bar_10:00
2026-05-15,067310,"하나마이크론",09:00,15:30,D_EXCLUDED_PLUS8,1,last_bar_10:00
2026-05-15,080220,"제주반도체",09:00,15:30,D_EXCLUDED_PLUS8,1,last_bar_10:00
2026-05-15,088350,"한화생명",09:00,15:30,A_ATTACK,1,last_bar_10:00
2026-05-15,090360,"로보스타",09:00,15:30,D_EXCLUDED_PLUS8,1,last_bar_10:00
2026-05-15,090710,"휴림로봇",09:00,15:30,D_EXCLUDED_PLUS8,1,last_bar_10:00
2026-05-15,125490,"한라캐스트",09:00,15:30,B_SURVIVOR_1000,1,last_bar_10:00
2026-05-15,138360,"앤로보틱스",09:00,15:30,D_EXCLUDED_PLUS8,1,last_bar_10:00
2026-05-15,178320,"서진시스템",09:00,15:30,A_ATTACK,1,last_bar_10:00
2026-05-15,183300,"코미코",09:00,15:30,D_EXCLUDED_PLUS8,1,last_bar_10:00
2026-05-15,204320,"HL만도",09:00,15:30,B_SURVIVOR_1000,1,last_bar_10:00
2026-05-15,223310,"사토시홀딩스",09:00,15:30,D_EXCLUDED_PLUS8,1,last_bar_10:00
2026-05-15,261780,"차백신연구소",09:00,15:30,D_EXCLUDED_PLUS8,1,last_bar_10:00
2026-05-15,290690,"소룩스",09:00,15:30,D_EXCLUDED_PLUS8,1,last_bar_10:00
2026-05-15,348340,"뉴로메카",09:00,15:30,B_SURVIVOR_1000,1,last_bar_10:00
2026-05-15,354320,"알멕",09:00,15:30,D_EXCLUDED_PLUS8,1,last_bar_10:00
2026-05-15,440110,"파두",09:00,15:30,A_ATTACK,1,last_bar_10:00
2026-05-15,452430,"사피엔반도체",09:00,15:30,D_EXCLUDED_PLUS8,1,last_bar_10:00
2026-05-15,466100,"클로봇",09:00,15:30,B_SURVIVOR_1000,1,last_bar_10:00
2026-05-18,001740,"SK네트웍스",09:00,15:30,D_EXCLUDED_PLUS8,1,last_bar_10:00
2026-05-18,027360,"아주IB투자",09:00,15:30,D_EXCLUDED_PLUS8,1,first_bar_09:02
2026-05-18,031330,"에스에이엠티",09:00,15:30,D_EXCLUDED_PLUS8,1,last_bar_10:00
2026-05-18,037460,"삼지전자",09:00,15:30,D_EXCLUDED_PLUS8,1,first_bar_09:02
2026-05-18,066430,"아이로보틱스",09:00,15:30,D_EXCLUDED_PLUS8,1,last_bar_10:00
2026-05-18,071200,"인피니트헬스케어",09:00,15:30,D_EXCLUDED_PLUS8,1,last_bar_10:00
2026-05-18,100790,"미래에셋벤처투자",09:00,15:30,D_EXCLUDED_PLUS8,1,last_bar_10:00
2026-05-18,131290,"티에스이",09:00,15:30,D_EXCLUDED_PLUS8,1,last_bar_10:00
2026-05-18,183300,"코미코",09:00,15:30,D_EXCLUDED_PLUS8,1,last_bar_10:00
2026-05-18,290690,"소룩스",09:00,15:30,D_EXCLUDED_PLUS8,1,last_bar_10:00
2026-05-18,295310,"에이치브이엠",09:00,15:30,D_EXCLUDED_PLUS8,1,last_bar_10:00
2026-05-19,000370,"한화손해보험",09:00,15:30,D_EXCLUDED_PLUS8,1,last_bar_12:15
2026-05-19,005290,"동진쎄미켐",09:00,15:30,A_ATTACK,1,last_bar_10:00
2026-05-19,005950,"이수화학",09:00,15:30,D_EXCLUDED_PLUS8,1,last_bar_10:00
2026-05-19,006110,"삼아알미늄",09:00,15:30,D_EXCLUDED_PLUS8,1,last_bar_10:00
2026-05-19,011000,"진원생명과학",09:00,15:30,D_EXCLUDED_PLUS8,1,last_bar_12:15
2026-05-19,032500,"케이엠더블유",09:00,15:30,D_EXCLUDED_PLUS8,1,last_bar_10:00
2026-05-19,066430,"아이로보틱스",09:00,15:30,D_EXCLUDED_PLUS8,1,last_bar_12:15
2026-05-19,183300,"코미코",09:00,15:30,D_EXCLUDED_PLUS8,1,last_bar_10:00
2026-05-19,185490,"아이진",09:00,15:30,D_EXCLUDED_PLUS8,1,last_bar_10:00
2026-05-19,203650,"드림시큐리티",09:00,15:30,D_EXCLUDED_PLUS8,1,last_bar_10:00
2026-05-19,257720,"실리콘투",09:00,15:30,D_EXCLUDED_PLUS8,1,last_bar_10:00
2026-05-19,307870,"비투엔",09:00,15:30,D_EXCLUDED_PLUS8,1,last_bar_12:15
2026-05-19,321370,"센서뷰",09:00,15:30,D_EXCLUDED_PLUS8,1,last_bar_10:00
2026-05-19,354320,"알멕",09:00,15:30,A_ATTACK,1,last_bar_10:00
2026-05-19,356680,"엑스게이트",09:00,15:30,A_ATTACK|B_SURVIVOR_1000,2,last_bar_10:00
2026-05-19,425040,"티이엠씨",09:00,15:30,A_ATTACK,1,last_bar_10:00
2026-05-19,456010,"아이씨티케이",09:00,15:30,A_ATTACK|B_SURVIVOR_1000,2,last_bar_10:00
2026-05-20,001820,"삼화콘덴서",09:00,15:30,D_EXCLUDED_PLUS8,1,last_bar_10:00
2026-05-20,005950,"이수화학",09:00,15:30,D_EXCLUDED_PLUS8,1,last_bar_10:00
2026-05-20,007810,"코리아써키트",09:00,15:30,A_ATTACK|B_SURVIVOR_1000,2,last_bar_10:00
2026-05-20,011000,"진원생명과학",09:00,15:30,D_EXCLUDED_PLUS8,1,last_bar_10:00
2026-05-20,017900,"광전자",09:00,15:30,D_EXCLUDED_PLUS8,1,last_bar_10:00
2026-05-20,066980,"한성크린텍",09:00,15:30,D_EXCLUDED_PLUS8,1,last_bar_10:00
2026-05-20,067170,"오텍",09:00,15:30,D_EXCLUDED_PLUS8,1,last_bar_10:00
2026-05-20,067310,"하나마이크론",09:00,15:30,A_ATTACK,1,last_bar_10:00
2026-05-20,069540,"빛과전자",09:00,15:30,D_EXCLUDED_PLUS8,1,last_bar_10:00
2026-05-20,072950,"빛샘전자",09:00,15:30,D_EXCLUDED_PLUS8,1,last_bar_10:00
2026-05-20,114450,"그린생명과학",09:00,15:30,D_EXCLUDED_PLUS8,1,last_bar_10:00
2026-05-20,131290,"티에스이",09:00,15:30,A_ATTACK,1,last_bar_10:00
2026-05-20,142280,"녹십자엠에스",09:00,15:30,D_EXCLUDED_PLUS8,1,last_bar_10:00
2026-05-20,183300,"코미코",09:00,15:30,D_EXCLUDED_PLUS8,1,last_bar_10:00
2026-05-20,185490,"아이진",09:00,15:30,D_EXCLUDED_PLUS8,1,last_bar_10:00
2026-05-20,215790,"이노인스트루먼트",09:00,15:30,D_EXCLUDED_PLUS8,1,last_bar_10:00
2026-05-20,222800,"심텍",09:00,15:30,A_ATTACK,1,last_bar_10:00
2026-05-20,253840,"수젠텍",09:00,15:30,D_EXCLUDED_PLUS8,1,last_bar_10:00
2026-05-20,440110,"파두",09:00,15:30,A_ATTACK,1,last_bar_10:00
2026-05-21,000500,"가온전선",09:00,15:30,D_EXCLUDED_PLUS8,1,last_bar_10:00
2026-05-21,003160,"디아이",09:00,15:30,B_SURVIVOR_1000,1,last_bar_09:32
2026-05-21,003530,"한화투자증권",09:00,15:30,D_EXCLUDED_PLUS8,1,last_bar_10:00
2026-05-21,004800,"효성",09:00,15:30,D_EXCLUDED_PLUS8,1,last_bar_10:00
2026-05-21,005290,"동진쎄미켐",09:00,15:30,A_ATTACK|B_SURVIVOR_1000,2,last_bar_10:00
2026-05-21,007390,"네이처셀",09:00,15:30,B_SURVIVOR_1000,1,last_bar_09:31
2026-05-21,007610,"선도전기",09:00,15:30,D_EXCLUDED_PLUS8,1,last_bar_10:00
2026-05-21,007810,"코리아써키트",09:00,15:30,D_EXCLUDED_PLUS8,1,last_bar_10:00
2026-05-21,009420,"한올바이오파마",09:00,15:30,D_EXCLUDED_PLUS8,1,last_bar_10:00
2026-05-21,011790,"SKC",09:00,15:30,D_EXCLUDED_PLUS8,1,last_bar_10:00
2026-05-21,017510,"세명전기",09:00,15:30,B_SURVIVOR_1000,1,last_bar_10:00
2026-05-21,017900,"광전자",09:00,15:30,D_EXCLUDED_PLUS8,1,last_bar_10:00
2026-05-21,018880,"한온시스템",09:00,15:30,A_ATTACK|B_SURVIVOR_1000,2,last_bar_10:00
2026-05-21,024060,"흥구석유",09:00,15:30,B_SURVIVOR_1000,1,last_bar_10:00
2026-05-21,024840,"KBI메탈",09:00,15:30,D_EXCLUDED_PLUS8,1,last_bar_10:00
2026-05-21,030530,"원익홀딩스",09:00,15:30,B_SURVIVOR_1000,1,last_bar_10:00
2026-05-21,033100,"제룡전기",09:00,15:30,D_EXCLUDED_PLUS8,1,last_bar_10:00
2026-05-21,033160,"엠케이전자",09:00,15:30,D_EXCLUDED_PLUS8,1,last_bar_10:00
2026-05-21,033640,"네패스",09:00,15:30,D_EXCLUDED_PLUS8,1,last_bar_10:00
2026-05-21,036540,"SFA반도체",09:00,15:30,A_ATTACK|B_SURVIVOR_1000,2,last_bar_10:00
2026-05-21,050890,"쏠리드",09:00,15:30,D_EXCLUDED_PLUS8,1,last_bar_10:00
2026-05-21,052710,"아모텍",09:00,15:30,D_EXCLUDED_PLUS8,1,last_bar_10:00
2026-05-21,052900,"KX하이텍",09:00,15:30,D_EXCLUDED_PLUS8,1,last_bar_10:00
2026-05-21,054210,"이랜텍",09:00,15:30,B_SURVIVOR_1000,1,last_bar_10:00
2026-05-21,056080,"유진로봇",09:00,15:30,B_SURVIVOR_1000,1,last_bar_10:00
2026-05-21,058610,"에스피지",09:00,15:30,B_SURVIVOR_1000,1,last_bar_10:00
2026-05-21,059090,"미코",09:00,15:30,D_EXCLUDED_PLUS8,1,last_bar_10:00
2026-05-21,064290,"인텍플러스",09:00,15:30,D_EXCLUDED_PLUS8,1,last_bar_09:32
2026-05-21,064760,"티씨케이",09:00,15:30,D_EXCLUDED_PLUS8,1,last_bar_10:00
2026-05-21,067310,"하나마이크론",09:00,15:30,D_EXCLUDED_PLUS8,1,last_bar_10:00
2026-05-21,074600,"원익QnC",09:00,15:30,B_SURVIVOR_1000,1,last_bar_10:00
2026-05-21,077360,"덕산하이메탈",09:00,15:30,D_EXCLUDED_PLUS8,1,last_bar_10:00
2026-05-21,077970,"STX엔진",09:00,15:30,D_EXCLUDED_PLUS8,1,last_bar_10:00
2026-05-21,078150,"HB테크놀러지",09:00,15:30,D_EXCLUDED_PLUS8,1,last_bar_10:00
2026-05-21,083650,"비에이치아이",09:00,15:30,D_EXCLUDED_PLUS8,1,last_bar_10:00
2026-05-21,089030,"테크윙",09:00,15:30,B_SURVIVOR_1000,1,last_bar_10:00
2026-05-21,089970,"브이엠",09:00,15:30,B_SURVIVOR_1000,1,last_bar_10:00
2026-05-21,090360,"로보스타",09:00,15:30,B_SURVIVOR_1000,1,last_bar_10:00
2026-05-21,090460,"비에이치",09:00,15:30,B_SURVIVOR_1000,1,last_bar_10:00
2026-05-21,091580,"상신이디피",09:00,15:30,D_EXCLUDED_PLUS8,1,last_bar_10:00
2026-05-21,095610,"테스",09:00,15:30,B_SURVIVOR_1000,1,last_bar_10:00
2026-05-21,098460,"고영",09:00,15:30,B_SURVIVOR_1000,1,last_bar_10:00
2026-05-21,108490,"로보티즈",09:00,15:30,A_ATTACK|B_SURVIVOR_1000,2,last_bar_10:00
2026-05-21,112290,"와이씨켐",09:00,15:30,B_SURVIVOR_1000,1,last_bar_10:00
2026-05-21,123010,"알엔티엑스",09:00,15:30,D_EXCLUDED_PLUS8,1,last_bar_10:00
2026-05-21,125020,"티씨머티리얼즈",09:00,15:30,D_EXCLUDED_PLUS8,1,last_bar_10:00
2026-05-21,125490,"한라캐스트",09:00,15:30,B_SURVIVOR_1000,1,last_bar_10:00
2026-05-21,140410,"메지온",09:00,15:30,B_SURVIVOR_1000,1,last_bar_10:00
2026-05-21,142210,"유니트론텍",09:00,15:30,D_EXCLUDED_PLUS8,1,last_bar_09:32
2026-05-21,147830,"제룡산업",09:00,15:30,B_SURVIVOR_1000,1,last_bar_10:00
2026-05-21,161580,"필옵틱스",09:00,15:30,D_EXCLUDED_PLUS8,1,last_bar_10:00
2026-05-21,171090,"선익시스템",09:00,15:30,D_EXCLUDED_PLUS8,1,last_bar_10:00
2026-05-21,174900,"앱클론",09:00,15:30,B_SURVIVOR_1000,1,last_bar_09:31
2026-05-21,178320,"서진시스템",09:00,15:30,D_EXCLUDED_PLUS8,1,last_bar_10:00
2026-05-21,183300,"코미코",09:00,15:30,D_EXCLUDED_PLUS8,1,last_bar_10:00
2026-05-21,199820,"제일일렉트릭",09:00,15:30,D_EXCLUDED_PLUS8,1,last_bar_10:00
2026-05-21,222080,"씨아이에스",09:00,15:30,B_SURVIVOR_1000,1,last_bar_10:00
2026-05-21,222800,"심텍",09:00,15:30,D_EXCLUDED_PLUS8,1,last_bar_10:00
2026-05-21,229640,"LS에코에너지",09:00,15:30,D_EXCLUDED_PLUS8,1,last_bar_10:00
2026-05-21,232140,"와이씨",09:00,15:30,B_SURVIVOR_1000,1,last_bar_10:00
2026-05-21,253590,"네오셈",09:00,15:30,B_SURVIVOR_1000,1,last_bar_10:00
2026-05-21,281740,"레이크머티리얼즈",09:00,15:30,B_SURVIVOR_1000,1,last_bar_10:00
2026-05-21,295310,"에이치브이엠",09:00,15:30,D_EXCLUDED_PLUS8,1,last_bar_10:00
2026-05-21,319400,"현대무벡스",09:00,15:30,A_ATTACK,1,last_bar_10:00
2026-05-21,321370,"센서뷰",09:00,15:30,D_EXCLUDED_PLUS8,1,last_bar_10:00
2026-05-21,330860,"네패스아크",09:00,15:30,D_EXCLUDED_PLUS8,1,last_bar_10:00
2026-05-21,332570,"PS일렉트로닉스",09:00,15:30,D_EXCLUDED_PLUS8,1,last_bar_10:00
2026-05-21,348340,"뉴로메카",09:00,15:30,D_EXCLUDED_PLUS8,1,last_bar_10:00
2026-05-21,356860,"티엘비",09:00,15:30,D_EXCLUDED_PLUS8,1,last_bar_10:00
2026-05-21,357780,"솔브레인",09:00,15:30,D_EXCLUDED_PLUS8,1,last_bar_10:00
2026-05-21,389500,"에스비비테크",09:00,15:30,D_EXCLUDED_PLUS8,1,last_bar_10:00
2026-05-21,394420,"리센스메디컬",09:00,15:30,B_SURVIVOR_1000,1,last_bar_10:00
2026-05-21,396300,"세아메카닉스",09:00,15:30,B_SURVIVOR_1000,1,last_bar_10:00
2026-05-21,402490,"그린리소스",09:00,15:30,B_SURVIVOR_1000,1,last_bar_10:00
2026-05-21,417200,"LS머트리얼즈",09:00,15:30,B_SURVIVOR_1000,1,last_bar_10:00
2026-05-21,417840,"저스템",09:00,15:30,D_EXCLUDED_PLUS8,1,last_bar_10:00
2026-05-21,425040,"티이엠씨",09:00,15:30,D_EXCLUDED_PLUS8,1,last_bar_10:00
2026-05-21,448900,"한국피아이엠",09:00,15:30,D_EXCLUDED_PLUS8,1,last_bar_10:00
2026-05-21,452190,"한빛레이저",09:00,15:30,D_EXCLUDED_PLUS8,1,last_bar_10:00
2026-05-21,466100,"클로봇",09:00,15:30,B_SURVIVOR_1000,1,last_bar_10:00
2026-05-22,005950,"이수화학",09:00,15:30,D_EXCLUDED_PLUS8,1,last_bar_10:00
2026-05-22,006110,"삼아알미늄",09:00,15:30,D_EXCLUDED_PLUS8,1,last_bar_10:00
2026-05-22,024840,"KBI메탈",09:00,15:30,D_EXCLUDED_PLUS8,1,last_bar_10:00
2026-05-22,032500,"케이엠더블유",09:00,15:30,D_EXCLUDED_PLUS8,1,last_bar_10:00
2026-05-22,033790,"피노",09:00,15:30,D_EXCLUDED_PLUS8,1,last_bar_10:00
2026-05-22,036170,"에이치엠넥스",09:00,15:30,D_EXCLUDED_PLUS8,1,last_bar_10:00
2026-05-22,036540,"SFA반도체",09:00,15:30,D_EXCLUDED_PLUS8,1,last_bar_10:00
2026-05-22,046970,"우리로",09:00,15:30,D_EXCLUDED_PLUS8,1,last_bar_10:00
2026-05-22,048410,"현대바이오",09:00,15:30,D_EXCLUDED_PLUS8,1,last_bar_10:00
2026-05-22,050890,"쏠리드",09:00,15:30,D_EXCLUDED_PLUS8,1,last_bar_10:00
2026-05-22,060370,"LS마린솔루션",09:00,15:30,D_EXCLUDED_PLUS8,1,last_bar_10:00
2026-05-22,069540,"빛과전자",09:00,15:30,D_EXCLUDED_PLUS8,1,last_bar_10:00
2026-05-22,072950,"빛샘전자",09:00,15:30,D_EXCLUDED_PLUS8,1,last_bar_10:00
2026-05-22,073490,"LIG아큐버",09:00,15:30,D_EXCLUDED_PLUS8,1,last_bar_10:00
2026-05-22,078350,"한양디지텍",09:00,15:30,B_SURVIVOR_1000,1,last_bar_10:00
2026-05-22,078600,"대주전자재료",09:00,15:30,D_EXCLUDED_PLUS8,1,last_bar_10:00
2026-05-22,092200,"디아이씨",09:00,15:30,D_EXCLUDED_PLUS8,1,last_bar_10:00
2026-05-22,092220,"KEC",09:00,15:30,D_EXCLUDED_PLUS8,1,last_bar_09:59
2026-05-22,092870,"엑시콘",09:00,15:30,D_EXCLUDED_PLUS8,1,last_bar_10:00
2026-05-22,126340,"비나텍",09:00,15:30,A_ATTACK,1,first_bar_09:02
2026-05-22,138080,"오이솔루션",09:00,15:30,D_EXCLUDED_PLUS8,1,last_bar_10:00
2026-05-22,140860,"파크시스템스",09:00,15:30,D_EXCLUDED_PLUS8,1,last_bar_10:00
2026-05-22,183300,"코미코",09:00,15:30,D_EXCLUDED_PLUS8,1,last_bar_10:00
2026-05-22,203650,"드림시큐리티",09:00,15:30,D_EXCLUDED_PLUS8,1,last_bar_10:00
2026-05-22,226950,"올릭스",09:00,15:30,D_EXCLUDED_PLUS8,1,last_bar_10:00
2026-05-22,230240,"에치에프알",09:00,15:30,D_EXCLUDED_PLUS8,1,last_bar_10:00
2026-05-22,252990,"샘씨엔에스",09:00,15:30,D_EXCLUDED_PLUS8,1,last_bar_10:00
2026-05-22,307180,"아이엘",09:00,15:30,D_EXCLUDED_PLUS8,1,last_bar_10:00
2026-05-22,327260,"RF머트리얼즈",09:00,15:30,D_EXCLUDED_PLUS8,1,last_bar_10:00
2026-05-22,336260,"두산퓨얼셀",09:00,15:30,A_ATTACK|B_SURVIVOR_1000,2,first_bar_09:02
2026-05-22,356680,"엑스게이트",09:00,15:30,D_EXCLUDED_PLUS8,1,last_bar_10:00
2026-05-22,356860,"티엘비",09:00,15:30,D_EXCLUDED_PLUS8,1,last_bar_10:00
2026-05-22,358570,"지아이이노베이션",09:00,15:30,B_SURVIVOR_1000,1,first_bar_09:02
2026-05-22,376900,"로킷헬스케어",09:00,15:30,D_EXCLUDED_PLUS8,1,last_bar_10:00
2026-05-22,394420,"리센스메디컬",09:00,15:30,D_EXCLUDED_PLUS8,1,last_bar_10:00
2026-05-22,456010,"아이씨티케이",09:00,15:30,D_EXCLUDED_PLUS8,1,last_bar_10:00
2026-05-22,456160,"지투지바이오",09:00,15:30,D_EXCLUDED_PLUS8,1,last_bar_10:00
2026-05-26,001820,"삼화콘덴서",09:00,15:30,D_EXCLUDED_PLUS8,1,last_bar_15:19
2026-05-26,005290,"동진쎄미켐",09:00,15:30,D_EXCLUDED_PLUS8,1,last_bar_10:00
2026-05-26,007390,"네이처셀",09:00,15:30,D_EXCLUDED_PLUS8,1,first_bar_09:02
2026-05-26,007810,"코리아써키트",09:00,15:30,D_EXCLUDED_PLUS8,1,last_bar_10:00
2026-05-26,009420,"한올바이오파마",09:00,15:30,D_EXCLUDED_PLUS8,1,last_bar_10:00
2026-05-26,019180,"티에이치엔",09:00,15:30,D_EXCLUDED_PLUS8,1,last_bar_15:19
2026-05-26,030530,"원익홀딩스",09:00,15:30,D_EXCLUDED_PLUS8,1,low_bar_count_299
2026-05-26,031330,"에스에이엠티",09:00,15:30,D_EXCLUDED_PLUS8,1,last_bar_10:00
2026-05-26,036010,"아비코전자",09:00,15:30,D_EXCLUDED_PLUS8,1,last_bar_15:19
2026-05-26,036540,"SFA반도체",09:00,15:30,D_EXCLUDED_PLUS8,1,last_bar_10:00
2026-05-26,042510,"라온시큐어",09:00,15:30,D_EXCLUDED_PLUS8,1,last_bar_10:00
2026-05-26,052710,"아모텍",09:00,15:30,D_EXCLUDED_PLUS8,1,last_bar_09:59
2026-05-26,053700,"삼보모터스",09:00,15:30,D_EXCLUDED_PLUS8,1,last_bar_15:19
2026-05-26,054920,"한컴위드",09:00,15:30,D_EXCLUDED_PLUS8,1,last_bar_10:00
2026-05-26,056360,"코위버",09:00,15:30,D_EXCLUDED_PLUS8,1,last_bar_15:19
2026-05-26,062970,"한국첨단소재",09:00,15:30,D_EXCLUDED_PLUS8,1,last_bar_09:57
2026-05-26,064290,"인텍플러스",09:00,15:30,D_EXCLUDED_PLUS8,1,last_bar_10:00
2026-05-26,082920,"비츠로셀",09:00,15:30,D_EXCLUDED_PLUS8,1,last_bar_10:00
2026-05-26,089030,"테크윙",09:00,15:30,A_ATTACK,1,last_bar_10:00
2026-05-26,090460,"비에이치",09:00,15:30,A_ATTACK,1,last_bar_09:57
2026-05-26,100790,"미래에셋벤처투자",09:00,15:30,D_EXCLUDED_PLUS8,1,last_bar_10:00
2026-05-26,115440,"우리넷",09:00,15:30,D_EXCLUDED_PLUS8,1,last_bar_10:00
2026-05-26,115500,"케이씨에스",09:00,15:30,D_EXCLUDED_PLUS8,1,last_bar_10:00
2026-05-26,126730,"코칩",09:00,15:30,D_EXCLUDED_PLUS8,1,low_bar_count_299
2026-05-26,149950,"아바텍",09:00,15:30,D_EXCLUDED_PLUS8,1,last_bar_10:00
2026-05-26,184230,"SGA솔루션즈",09:00,15:30,D_EXCLUDED_PLUS8,1,last_bar_10:00
2026-05-26,185490,"아이진",09:00,15:30,D_EXCLUDED_PLUS8,1,last_bar_15:19
2026-05-26,195870,"해성디에스",09:00,15:30,D_EXCLUDED_PLUS8,1,last_bar_10:00
2026-05-26,203650,"드림시큐리티",09:00,15:30,D_EXCLUDED_PLUS8,1,last_bar_10:00
2026-05-26,211270,"AP위성",09:00,15:30,D_EXCLUDED_PLUS8,1,low_bar_count_299
2026-05-26,242040,"나무기술",09:00,15:30,D_EXCLUDED_PLUS8,1,last_bar_09:57
2026-05-26,263860,"지니언스",09:00,15:30,D_EXCLUDED_PLUS8,1,first_bar_09:02
2026-05-26,274090,"켄코아에어로스페이스",09:00,15:30,D_EXCLUDED_PLUS8,1,last_bar_09:57
2026-05-26,295310,"에이치브이엠",09:00,15:30,D_EXCLUDED_PLUS8,1,last_bar_15:19
2026-05-26,306620,"지아이에스",09:00,15:30,D_EXCLUDED_PLUS8,1,last_bar_15:19
2026-05-26,308080,"바이젠셀",09:00,15:30,D_EXCLUDED_PLUS8,1,last_bar_10:00
2026-05-26,347700,"스피어",09:00,15:30,D_EXCLUDED_PLUS8,1,last_bar_15:19
2026-05-26,355150,"코스텍시스",09:00,15:30,D_EXCLUDED_PLUS8,1,last_bar_10:00
2026-05-26,356680,"엑스게이트",09:00,15:30,D_EXCLUDED_PLUS8,1,last_bar_09:57
2026-05-26,356860,"티엘비",09:00,15:30,D_EXCLUDED_PLUS8,1,last_bar_10:00
2026-05-26,357880,"SKAI",09:00,15:30,D_EXCLUDED_PLUS8,1,last_bar_15:19
2026-05-26,376900,"로킷헬스케어",09:00,15:30,D_EXCLUDED_PLUS8,1,last_bar_10:00
2026-05-26,382840,"원준",09:00,15:30,D_EXCLUDED_PLUS8,1,last_bar_10:00
2026-05-26,403870,"HPSP",09:00,15:30,D_EXCLUDED_PLUS8,1,last_bar_15:19
2026-05-26,420770,"기가비스",09:00,15:30,D_EXCLUDED_PLUS8,1,last_bar_10:00
2026-05-26,452280,"한선엔지니어링",09:00,15:30,D_EXCLUDED_PLUS8,1,last_bar_10:00
2026-05-26,456010,"아이씨티케이",09:00,15:30,D_EXCLUDED_PLUS8,1,last_bar_15:19
2026-05-26,457370,"한켐",09:00,15:30,D_EXCLUDED_PLUS8,1,last_bar_10:00
2026-05-26,490470,"세미파이브",09:00,15:30,D_EXCLUDED_PLUS8,1,last_bar_10:00
2026-05-27,001740,"SK네트웍스",09:00,15:30,D_EXCLUDED_PLUS8,1,last_bar_10:00
2026-05-27,007390,"네이처셀",09:00,15:30,D_EXCLUDED_PLUS8,1,last_bar_15:19
2026-05-27,009190,"대양금속",09:00,15:30,D_EXCLUDED_PLUS8,1,last_bar_10:00
2026-05-27,009420,"한올바이오파마",09:00,15:30,D_EXCLUDED_PLUS8,1,last_bar_10:00
2026-05-27,018670,"SK가스",09:00,15:30,B_SURVIVOR_1000,1,low_bar_count_278
2026-05-27,048410,"현대바이오",09:00,15:30,A_ATTACK|B_SURVIVOR_1000,2,last_bar_15:19
2026-05-27,049080,"기가레인",09:00,15:30,D_EXCLUDED_PLUS8,1,last_bar_10:00
2026-05-27,059090,"미코",09:00,15:30,D_EXCLUDED_PLUS8,1,last_bar_10:00
2026-05-27,067170,"오텍",09:00,15:30,D_EXCLUDED_PLUS8,1,last_bar_09:59
2026-05-27,215790,"이노인스트루먼트",09:00,15:30,D_EXCLUDED_PLUS8,1,last_bar_15:19
2026-05-27,232680,"라온로보틱스",09:00,15:30,D_EXCLUDED_PLUS8,1,last_bar_15:19
2026-05-27,257720,"실리콘투",09:00,15:30,A_ATTACK,1,last_bar_10:00
2026-05-27,417840,"저스템",09:00,15:30,D_EXCLUDED_PLUS8,1,last_bar_10:00
2026-05-27,456010,"아이씨티케이",09:00,15:30,D_EXCLUDED_PLUS8,1,last_bar_15:19
2026-05-27,456160,"지투지바이오",09:00,15:30,D_EXCLUDED_PLUS8,1,last_bar_10:00
2026-05-27,900250,"크리스탈신소재",09:00,15:30,D_EXCLUDED_PLUS8,1,last_bar_10:00
2026-05-28,001820,"삼화콘덴서",09:00,15:30,D_EXCLUDED_PLUS8,1,last_bar_15:19
2026-05-28,006660,"삼성공조",09:00,15:30,D_EXCLUDED_PLUS8,1,last_bar_10:00
2026-05-28,010580,"에스엠벡셀",09:00,15:30,D_EXCLUDED_PLUS8,1,last_bar_10:00
2026-05-28,024060,"흥구석유",09:00,15:30,A_ATTACK,1,last_bar_15:19
2026-05-28,092190,"서울바이오시스",09:00,15:30,A_ATTACK,1,last_bar_10:00
2026-05-28,101670,"하이드로리튬",09:00,15:30,D_EXCLUDED_PLUS8,1,low_bar_count_276
2026-05-28,117730,"티로보틱스",09:00,15:30,D_EXCLUDED_PLUS8,1,last_bar_15:19
2026-05-28,475960,"토모큐브",09:00,15:30,A_ATTACK,1,last_bar_12:29
2026-05-28,486990,"노타",09:00,15:30,D_EXCLUDED_PLUS8,1,last_bar_15:19
2026-05-29,018880,"한온시스템",09:00,15:30,D_EXCLUDED_PLUS8,1,last_bar_10:00
2026-05-29,058970,"엠로",09:00,15:30,A_ATTACK,1,last_bar_09:35
2026-05-29,090360,"로보스타",09:00,15:30,A_ATTACK,1,last_bar_15:19
2026-05-29,092200,"디아이씨",09:00,15:30,D_EXCLUDED_PLUS8,1,low_bar_count_276
2026-05-29,126730,"코칩",09:00,15:30,D_EXCLUDED_PLUS8,1,first_bar_09:02
2026-05-29,181710,"NHN",09:00,15:30,D_EXCLUDED_PLUS8,1,last_bar_10:00
2026-05-29,242040,"나무기술",09:00,15:30,D_EXCLUDED_PLUS8,1,last_bar_10:00
2026-05-29,389140,"포바이포",09:00,15:30,D_EXCLUDED_PLUS8,1,last_bar_15:19
2026-05-29,448900,"한국피아이엠",09:00,15:30,A_ATTACK,1,last_bar_10:00
2026-06-01,000500,"가온전선",09:00,15:30,D_EXCLUDED_PLUS8,1,last_bar_10:00
2026-06-01,020150,"롯데에너지머티리얼즈",09:00,15:30,D_EXCLUDED_PLUS8,1,last_bar_10:00
2026-06-01,059270,"해성에어로보틱스",09:00,15:30,D_EXCLUDED_PLUS8,1,last_bar_15:19
2026-06-01,090360,"로보스타",09:00,15:30,D_EXCLUDED_PLUS8,1,last_bar_15:19
2026-06-01,144960,"뉴파워프라즈마",09:00,15:30,D_EXCLUDED_PLUS8,1,last_bar_10:00
2026-06-01,160190,"하이젠알앤엠",09:00,15:30,D_EXCLUDED_PLUS8,1,low_bar_count_274
2026-06-01,161580,"필옵틱스",09:00,15:30,D_EXCLUDED_PLUS8,1,last_bar_10:00
2026-06-01,181710,"NHN",09:00,15:30,D_EXCLUDED_PLUS8,1,last_bar_10:00
2026-06-01,190510,"나무가",09:00,15:30,D_EXCLUDED_PLUS8,1,last_bar_12:30
2026-06-01,215100,"로보로보",09:00,15:30,D_EXCLUDED_PLUS8,1,last_bar_09:36
2026-06-01,242040,"나무기술",09:00,15:30,D_EXCLUDED_PLUS8,1,last_bar_10:00
2026-06-01,251370,"와이엠티",09:00,15:30,D_EXCLUDED_PLUS8,1,last_bar_12:29
2026-06-01,263800,"데이타솔루션",09:00,15:30,D_EXCLUDED_PLUS8,1,last_bar_10:00
2026-06-01,293580,"나우IB",09:00,15:30,D_EXCLUDED_PLUS8,1,last_bar_10:00
2026-06-01,336370,"솔루스첨단소재",09:00,15:30,D_EXCLUDED_PLUS8,1,last_bar_10:00
2026-06-01,388210,"씨엠티엑스",09:00,15:30,D_EXCLUDED_PLUS8,1,last_bar_10:00
2026-06-01,417860,"오브젠",09:00,15:30,D_EXCLUDED_PLUS8,1,last_bar_10:00
2026-06-02,000500,"가온전선",09:00,15:30,D_EXCLUDED_PLUS8,1,last_bar_10:00
2026-06-02,000650,"천일고속",09:00,15:30,D_EXCLUDED_PLUS8,1,last_bar_15:19
2026-06-02,006110,"삼아알미늄",09:00,15:30,D_EXCLUDED_PLUS8,1,last_bar_10:00
2026-06-02,007390,"네이처셀",09:00,15:30,D_EXCLUDED_PLUS8,1,last_bar_15:19
2026-06-02,033790,"피노",09:00,15:30,A_ATTACK,1,last_bar_10:00
2026-06-02,084670,"동양고속",09:00,15:30,D_EXCLUDED_PLUS8,1,last_bar_15:19
2026-06-02,090360,"로보스타",09:00,15:30,A_ATTACK|B_SURVIVOR_1000,2,last_bar_15:19
2026-06-02,131400,"이브이첨단소재",09:00,15:30,D_EXCLUDED_PLUS8,1,low_bar_count_272
2026-06-02,417860,"오브젠",09:00,15:30,D_EXCLUDED_PLUS8,1,low_bar_count_298
2026-06-02,475400,"씨메스로보틱스",09:00,15:30,D_EXCLUDED_PLUS8,1,first_bar_09:02
2026-06-02,476060,"온코닉테라퓨틱스",09:00,15:30,A_ATTACK,1,last_bar_10:00
